{"LRlUOUDskRVJUMLM1SrB3Q==":"petronetlnglogo-122x153.jpg","p56SgFvduNvb6aCkL0tHtg==":"deepy-736x499.jpg","IZbyFYMwupa5+8AJUfyU9w==":"mbr-715x1080.jpg","g85bAayp3P7ySGupP4bG1A==":"medizome+healthlink+india+(p)+limited-442665-122x31.jpg","jkLIsrZpSeZcfIxtsasAaQ==":"medizome+healthlink+india+(p)+limited-442666-122x31.jpg","kySKKHuKvgJSpgLgQULhBw==":"mbr-720x1080.jpg","3+O6M6HjC8KByresdpRMow==":"images-261x193.jpg","+oTA3J/vbiWolH8IRhEoKw==":"hd-medicine-wallpapers-2000x1324.jpg","wTYl4HmtsWQgWrd8FjVd8Q==":"medizome+healthlink+india+(p)+limited-442665-192x48.jpg"}